日期,时间,纬度,经度,地面速率,地面航向,GPS状态,使用卫星数量,海拔高度
17年05月10日,09时32分38秒,北纬40.47533度,东经111.4185度,12.200000节,253.600000度,单点定位,05,1108,
17年05月10日,09时32分39秒,北纬40.47532度,东经111.4185度,11.300000节,254.300000度,单点定位,05,1106,
17年05月10日,09时32分39秒,北纬40.47532度,东经111.4185度,11.300000节,254.300000度,单点定位,05,1106,
17年05月10日,09时32分41秒,北纬40.47557度,东经111.4183度,12.300000节,252.000000度,单点定位,06,1181,
17年05月10日,09时32分42秒,北纬40.47563度,东经111.4183度,12.200000节,255.400000度,单点定位,06,1199,
17年05月10日,09时32分43秒,北纬40.47561度,东经111.4182度,14.200000节,257.000000度,单点定位,06,1195,
17年05月10日,09时32分44秒,北纬40.47560度,东经111.4182度,14.500000节,258.900000度,单点定位,06,1194,
17年05月10日,09时32分45秒,北纬40.47559度,东经111.4181度,14.700000节,260.200000度,单点定位,06,1192,
17年05月10日,09时32分46秒,北纬40.47560度,东经111.4181度,14.600000节,259.400000度,单点定位,06,1194,
17年05月10日,09时32分47秒,北纬40.47558度,东经111.4180度,13.900000节,252.700000度,单点定位,06,1195,
17年05月10日,09时32分48秒,北纬40.47558度,东经111.4180度,14.700000节,257.700000度,单点定位,06,1196,
17年05月10日,09时32分49秒,北纬40.47555度,东经111.4179度,14.900000节,259.900000度,单点定位,07,1184,
17年05月10日,09时32分50秒,北纬40.47551度,东经111.4179度,14.500000节,258.700000度,单点定位,07,1174,
17年05月10日,09时32分51秒,北纬40.47549度,东经111.4178度,12.900000节,254.000000度,单点定位,07,1167,
17年05月10日,09时32分52秒,北纬40.47547度,东经111.4178度,11.100000节,254.800000度,单点定位,08,1162,
17年05月10日,09时32分53秒,北纬40.47548度,东经111.4177度,10.700000节,259.700000度,单点定位,08,1159,
17年05月10日,09时32分54秒,北纬40.47547度,东经111.4177度,9.600000节,273.700000度,单点定位,08,1151,
17年05月10日,09时32分55秒,北纬40.47547度,东经111.4177度,9.300000节,298.600000度,单点定位,08,1147,
17年05月10日,09时32分56秒,北纬40.47549度,东经111.4176度,11.000000节,327.200000度,单点定位,08,1147,
17年05月10日,09时32分57秒,北纬40.47552度,东经111.4176度,13.100000节,338.500000度,单点定位,08,1147,
17年05月10日,09时32分58秒,北纬40.47556度,东经111.4176度,16.300000节,341.100000度,单点定位,08,1146,
17年05月10日,09时32分59秒,北纬40.47560度,东经111.4176度,18.500000节,340.400000度,单点定位,08,1145,
17年05月10日,09时33分00秒,北纬40.47565度,东经111.4176度,20.100000节,339.900000度,单点定位,08,1144,
17年05月10日,09时33分01秒,北纬40.47571度,东经111.4175度,22.200000节,339.600000度,单点定位,08,1144,
17年05月10日,09时33分02秒,北纬40.47577度,东经111.4175度,22.700000节,339.200000度,单点定位,08,1143,
17年05月10日,09时33分03秒,北纬40.47583度,东经111.4175度,23.300000节,338.700000度,单点定位,08,1142,
17年05月10日,09时33分04秒,北纬40.47589度,东经111.4175度,22.500000节,339.400000度,单点定位,08,1142,
17年05月10日,09时33分05秒,北纬40.47595度,东经111.4174度,22.200000节,339.100000度,单点定位,08,1142,
17年05月10日,09时33分06秒,北纬40.47601度,东经111.4174度,21.900000节,339.900000度,单点定位,08,1142,
17年05月10日,09时33分07秒,北纬40.47607度,东经111.4174度,21.400000节,340.300000度,单点定位,08,1142,
17年05月10日,09时33分08秒,北纬40.47613度,东经111.4174度,20.600000节,341.200000度,单点定位,08,1141,
17年05月10日,09时33分09秒,北纬40.47618度,东经111.4173度,18.800000节,342.000000度,单点定位,08,1142,
17年05月10日,09时33分10秒,北纬40.47623度,东经111.4173度,16.500000节,342.100000度,单点定位,08,1141,
17年05月10日,09时33分11秒,北纬40.47627度,东经111.4173度,14.800000节,342.600000度,单点定位,09,1140,
17年05月10日,09时33分12秒,北纬40.47631度,东经111.4173度,13.200000节,342.900000度,单点定位,09,1140,
17年05月10日,09时33分13秒,北纬40.47634度,东经111.4173度,11.600000节,343.200000度,单点定位,09,1139,
17年05月10日,09时33分14秒,北纬40.47637度,东经111.4173度,9.700000节,343.400000度,单点定位,09,1139,
17年05月10日,09时33分15秒,北纬40.47639度,东经111.4173度,8.000000节,343.500000度,单点定位,10,1139,
17年05月10日,09时33分16秒,北纬40.47641度,东经111.4173度,7.100000节,343.400000度,单点定位,08,1140,
17年05月10日,09时33分17秒,北纬40.47643度,东经111.4173度,7.000000节,343.300000度,单点定位,08,1139,
17年05月10日,09时33分18秒,北纬40.47645度,东经111.4172度,6.700000节,343.000000度,单点定位,08,1139,
17年05月10日,09时33分19秒,北纬40.47646度,东经111.4172度,5.600000节,343.000000度,单点定位,08,1138,
17年05月10日,09时33分20秒,北纬40.47647度,东经111.4172度,3.900000节,338.000000度,单点定位,08,1137,
17年05月10日,09时33分21秒,北纬40.47648度,东经111.4172度,2.400000节,338.000000度,单点定位,08,1137,
17年05月10日,09时33分22秒,北纬40.47648度,东经111.4172度,1.400000节,338.000000度,单点定位,08,1136,
17年05月10日,09时33分23秒,北纬40.47648度,东经111.4172度,0.900000节,338.000000度,单点定位,09,1135,
17年05月10日,09时33分24秒,北纬40.47648度,东经111.4172度,0.900000节,338.000000度,单点定位,09,1135,
17年05月10日,09时33分25秒,北纬40.47617度,东经111.4172度,1.100000节,338.000000度,单点定位,10,1132,
17年05月10日,09时33分26秒,北纬40.47617度,东经111.4172度,1.100000节,338.000000度,单点定位,09,1128,
17年05月10日,09时33分27秒,北纬40.47617度,东经111.4172度,1.000000节,338.000000度,单点定位,09,1122,
17年05月10日,09时33分28秒,北纬40.47618度,东经111.4172度,1.300000节,338.000000度,单点定位,09,1119,
17年05月10日,09时33分29秒,北纬40.47618度,东经111.4172度,1.500000节,338.000000度,单点定位,09,1115,
17年05月10日,09时33分30秒,北纬40.47618度,东经111.4172度,0.000000节,338.000000度,单点定位,09,1113,
17年05月10日,09时33分31秒,北纬40.47617度,东经111.4172度,0.000000节,338.000000度,单点定位,10,1101,
17年05月10日,09时33分32秒,北纬40.47616度,东经111.4172度,0.000000节,338.000000度,单点定位,10,1092,
17年05月10日,09时33分33秒,北纬40.47617度,东经111.4173度,0.000000节,338.000000度,单点定位,10,1071,
17年05月10日,09时33分34秒,北纬40.47617度,东经111.4173度,0.000000节,338.000000度,单点定位,10,1063,
17年05月10日,09时33分35秒,北纬40.47617度,东经111.4173度,0.100000节,338.000000度,单点定位,10,1062,
17年05月10日,09时33分36秒,北纬40.47618度,东经111.4173度,0.200000节,338.000000度,单点定位,10,1061,
17年05月10日,09时33分37秒,北纬40.47618度,东经111.4173度,0.300000节,338.000000度,单点定位,10,1060,
17年05月10日,09时33分38秒,北纬40.47619度,东经111.4173度,0.300000节,338.000000度,单点定位,10,1060,
17年05月10日,09时33分39秒,北纬40.47620度,东经111.4173度,0.100000节,338.000000度,单点定位,10,1059,
17年05月10日,09时33分40秒,北纬40.47620度,东经111.4173度,0.000000节,338.000000度,单点定位,09,1058,
17年05月10日,09时33分41秒,北纬40.47621度,东经111.4173度,0.000000节,338.000000度,单点定位,09,1058,
17年05月10日,09时33分42秒,北纬40.47621度,东经111.4173度,0.000000节,338.000000度,单点定位,09,1058,
17年05月10日,09时33分43秒,北纬40.47621度,东经111.4173度,0.000000节,338.000000度,单点定位,09,1058,
17年05月10日,09时33分44秒,北纬40.47621度,东经111.4173度,0.000000节,338.000000度,单点定位,09,1058,
17年05月10日,09时33分45秒,北纬40.47621度,东经111.4173度,0.000000节,338.000000度,单点定位,09,1058,
17年05月10日,09时33分46秒,北纬40.47621度,东经111.4173度,0.000000节,338.000000度,单点定位,09,1058,
17年05月10日,09时33分47秒,北纬40.47621度,东经111.4173度,0.000000节,338.000000度,单点定位,09,1058,
17年05月10日,09时33分48秒,北纬40.47621度,东经111.4173度,0.000000节,338.000000度,单点定位,09,1058,
17年05月10日,09时33分49秒,北纬40.47621度,东经111.4173度,0.000000节,338.000000度,单点定位,09,1058,
17年05月10日,09时33分50秒,北纬40.47621度,东经111.4173度,0.000000节,338.000000度,单点定位,09,1058,
17年05月10日,09时33分51秒,北纬40.47621度,东经111.4173度,0.000000节,338.000000度,单点定位,09,1058,
17年05月10日,09时33分52秒,北纬40.47621度,东经111.4173度,0.000000节,338.000000度,单点定位,09,1058,
17年05月10日,09时33分53秒,北纬40.47621度,东经111.4173度,0.000000节,338.000000度,单点定位,09,1058,
17年05月10日,09时33分54秒,北纬40.47621度,东经111.4173度,0.000000节,338.000000度,单点定位,09,1058,
17年05月10日,09时33分55秒,北纬40.47621度,东经111.4173度,0.000000节,338.000000度,单点定位,09,1058,
17年05月10日,09时33分56秒,北纬40.47621度,东经111.4173度,0.000000节,338.000000度,单点定位,09,1058,
17年05月10日,09时33分57秒,北纬40.47621度,东经111.4173度,0.000000节,338.000000度,单点定位,10,1058,
17年05月10日,09时33分58秒,北纬40.47621度,东经111.4173度,0.000000节,338.000000度,单点定位,10,1058,
17年05月10日,09时33分59秒,北纬40.47621度,东经111.4173度,0.000000节,338.000000度,单点定位,10,1058,
17年05月10日,09时34分00秒,北纬40.47621度,东经111.4173度,0.000000节,338.000000度,单点定位,10,1058,
17年05月10日,09时34分01秒,北纬40.47621度,东经111.4173度,0.000000节,338.000000度,单点定位,09,1058,
17年05月10日,09时34分02秒,北纬40.47621度,东经111.4173度,0.000000节,338.000000度,单点定位,09,1058,
17年05月10日,09时34分03秒,北纬40.47621度,东经111.4173度,0.000000节,338.000000度,单点定位,09,1058,
17年05月10日,09时34分04秒,北纬40.47621度,东经111.4173度,0.000000节,338.000000度,单点定位,09,1058,
17年05月10日,09时34分05秒,北纬40.47621度,东经111.4173度,0.000000节,338.000000度,单点定位,09,1058,
17年05月10日,09时34分06秒,北纬40.47621度,东经111.4173度,0.000000节,338.000000度,单点定位,09,1058,
17年05月10日,09时34分07秒,北纬40.47621度,东经111.4173度,0.000000节,338.000000度,单点定位,09,1058,
17年05月10日,09时34分08秒,北纬40.47621度,东经111.4173度,0.000000节,338.000000度,单点定位,09,1058,
17年05月10日,09时34分09秒,北纬40.47622度,东经111.4173度,0.600000节,338.000000度,单点定位,09,1058,
17年05月10日,09时34分10秒,北纬40.47622度,东经111.4173度,0.800000节,338.000000度,单点定位,09,1058,
17年05月10日,09时34分11秒,北纬40.47623度,东经111.4173度,1.000000节,338.000000度,单点定位,10,1058,
17年05月10日,09时34分12秒,北纬40.47623度,东经111.4173度,1.300000节,338.000000度,单点定位,10,1058,
17年05月10日,09时34分13秒,北纬40.47623度,东经111.4173度,1.700000节,338.000000度,单点定位,10,1058,
17年05月10日,09时34分14秒,北纬40.47624度,东经111.4173度,2.300000节,338.000000度,单点定位,10,1058,
17年05月10日,09时34分15秒,北纬40.47624度,东经111.4173度,3.100000节,339.100000度,单点定位,10,1058,
17年05月10日,09时34分16秒,北纬40.47626度,东经111.4173度,1.500000节,340.700000度,单点定位,10,1058,
17年05月10日,09时34分17秒,北纬40.47626度,东经111.4173度,0.000000节,340.700000度,单点定位,10,1058,
17年05月10日,09时34分18秒,北纬40.47627度,东经111.4173度,0.000000节,340.700000度,单点定位,10,1058,
17年05月10日,09时34分19秒,北纬40.47627度,东经111.4173度,0.000000节,340.700000度,单点定位,10,1058,
17年05月10日,09时34分20秒,北纬40.47627度,东经111.4173度,0.000000节,340.700000度,单点定位,09,1058,
17年05月10日,09时34分21秒,北纬40.47627度,东经111.4173度,0.000000节,340.700000度,单点定位,09,1058,
17年05月10日,09时34分22秒,北纬40.47627度,东经111.4173度,0.000000节,340.700000度,单点定位,09,1058,
17年05月10日,09时34分23秒,北纬40.47627度,东经111.4173度,0.000000节,340.700000度,单点定位,08,1058,
17年05月10日,09时34分24秒,北纬40.47627度,东经111.4173度,0.000000节,340.700000度,单点定位,10,1058,
17年05月10日,09时34分25秒,北纬40.47627度,东经111.4173度,0.000000节,340.700000度,单点定位,09,1058,
17年05月10日,09时34分26秒,北纬40.47627度,东经111.4173度,0.000000节,340.700000度,单点定位,09,1058,
17年05月10日,09时34分27秒,北纬40.47627度,东经111.4173度,0.000000节,340.700000度,单点定位,09,1058,
17年05月10日,09时34分28秒,北纬40.47627度,东经111.4173度,0.000000节,340.700000度,单点定位,10,1058,
17年05月10日,09时34分29秒,北纬40.47627度,东经111.4173度,0.000000节,340.700000度,单点定位,10,1058,
17年05月10日,09时34分30秒,北纬40.47627度,东经111.4173度,0.000000节,340.700000度,单点定位,10,1058,
17年05月10日,09时34分31秒,北纬40.47627度,东经111.4173度,0.000000节,340.700000度,单点定位,10,1058,
17年05月10日,09时34分32秒,北纬40.47627度,东经111.4173度,0.000000节,340.700000度,单点定位,10,1058,
17年05月10日,09时34分33秒,北纬40.47627度,东经111.4173度,0.000000节,340.700000度,单点定位,10,1058,
17年05月10日,09时34分34秒,北纬40.47627度,东经111.4173度,0.000000节,340.700000度,单点定位,10,1058,
17年05月10日,09时34分35秒,北纬40.47627度,东经111.4173度,0.000000节,340.700000度,单点定位,10,1058,
17年05月10日,09时34分36秒,北纬40.47627度,东经111.4173度,0.000000节,340.700000度,单点定位,10,1058,
17年05月10日,09时34分37秒,北纬40.47627度,东经111.4173度,0.400000节,340.700000度,单点定位,10,1058,
17年05月10日,09时34分38秒,北纬40.47627度,东经111.4173度,0.400000节,340.700000度,单点定位,10,1058,
17年05月10日,09时34分39秒,北纬40.47627度,东经111.4173度,0.400000节,340.700000度,单点定位,10,1058,
17年05月10日,09时34分40秒,北纬40.47627度,东经111.4173度,0.600000节,337.500000度,单点定位,10,1058,
17年05月10日,09时34分41秒,北纬40.47627度,东经111.4173度,0.600000节,349.700000度,单点定位,10,1057,
17年05月10日,09时34分42秒,北纬40.47627度,东经111.4173度,0.900000节,348.500000度,单点定位,10,1057,
17年05月10日,09时34分43秒,北纬40.47627度,东经111.4173度,0.900000节,347.200000度,单点定位,10,1057,
17年05月10日,09时34分44秒,北纬40.47628度,东经111.4173度,1.100000节,348.900000度,单点定位,10,1058,
17年05月10日,09时34分45秒,北纬40.47628度,东经111.4173度,1.500000节,340.000000度,单点定位,10,1057,
17年05月10日,09时34分46秒,北纬40.47628度,东经111.4173度,1.900000节,341.000000度,单点定位,10,1057,
17年05月10日,09时34分47秒,北纬40.47629度,东经111.4173度,2.500000节,341.400000度,单点定位,09,1057,
17年05月10日,09时34分48秒,北纬40.47630度,东经111.4173度,4.100000节,339.100000度,单点定位,09,1057,
17年05月10日,09时34分49秒,北纬40.47631度,东经111.4172度,5.100000节,337.800000度,单点定位,09,1057,
17年05月10日,09时34分50秒,北纬40.47633度,东经111.4172度,7.000000节,337.000000度,单点定位,09,1057,
17年05月10日,09时34分51秒,北纬40.47635度,东经111.4172度,7.400000节,336.400000度,单点定位,09,1058,
17年05月10日,09时34分52秒,北纬40.47637度,东经111.4172度,8.800000节,335.900000度,单点定位,09,1058,
17年05月10日,09时34分53秒,北纬40.47640度,东经111.4172度,9.700000节,335.100000度,单点定位,09,1058,
17年05月10日,09时34分54秒,北纬40.47642度,东经111.4172度,9.100000节,334.800000度,单点定位,09,1058,
17年05月10日,09时34分55秒,北纬40.47645度,东经111.4172度,8.400000节,335.700000度,单点定位,09,1058,
17年05月10日,09时34分56秒,北纬40.47647度,东经111.4172度,9.300000节,337.200000度,单点定位,09,1058,
17年05月10日,09时34分57秒,北纬40.47649度,东经111.4171度,8.800000节,338.400000度,单点定位,09,1058,
17年05月10日,09时34分58秒,北纬40.47651度,东经111.4171度,8.500000节,340.700000度,单点定位,09,1058,
17年05月10日,09时34分59秒,北纬40.47654度,东经111.4171度,10.000000节,343.200000度,单点定位,10,1058,
17年05月10日,09时35分00秒,北纬40.47657度,东经111.4171度,11.900000节,345.100000度,单点定位,10,1058,
17年05月10日,09时35分01秒,北纬40.47660度,东经111.4171度,12.300000节,345.600000度,单点定位,10,1057,
17年05月10日,09时35分02秒,北纬40.47664度,东经111.4171度,12.000000节,346.500000度,单点定位,10,1057,
17年05月10日,09时35分03秒,北纬40.47667度,东经111.4171度,12.900000节,345.500000度,单点定位,10,1057,
17年05月10日,09时35分04秒,北纬40.47670度,东经111.4171度,12.300000节,343.800000度,单点定位,09,1058,
17年05月10日,09时35分05秒,北纬40.47674度,东经111.4170度,12.400000节,342.700000度,单点定位,10,1057,
17年05月10日,09时35分06秒,北纬40.47677度,东经111.4170度,12.100000节,342.100000度,单点定位,09,1057,
17年05月10日,09时35分07秒,北纬40.47680度,东经111.4170度,11.800000节,341.100000度,单点定位,09,1057,
17年05月10日,09时35分08秒,北纬40.47683度,东经111.4170度,11.300000节,340.800000度,单点定位,09,1057,
17年05月10日,09时35分09秒,北纬40.47686度,东经111.4170度,9.500000节,341.000000度,单点定位,09,1057,
17年05月10日,09时35分10秒,北纬40.47688度,东经111.4170度,8.900000节,340.900000度,单点定位,09,1058,
17年05月10日,09时35分11秒,北纬40.47690度,东经111.4170度,9.000000节,341.500000度,单点定位,09,1058,
17年05月10日,09时35分12秒,北纬40.47693度,东经111.4170度,9.400000节,342.100000度,单点定位,09,1057,
17年05月10日,09时35分13秒,北纬40.47695度,东经111.4170度,8.300000节,343.100000度,单点定位,09,1057,
17年05月10日,09时35分14秒,北纬40.47697度,东经111.4170度,6.000000节,342.000000度,单点定位,09,1057,
17年05月10日,09时35分15秒,北纬40.47699度,东经111.4170度,5.300000节,341.700000度,单点定位,09,1057,
17年05月10日,09时35分16秒,北纬40.47700度,东经111.4170度,4.900000节,343.900000度,单点定位,09,1056,
17年05月10日,09时35分17秒,北纬40.47701度,东经111.4169度,2.400000节,343.900000度,单点定位,09,1056,
17年05月10日,09时35分18秒,北纬40.47702度,东经111.4170度,2.000000节,343.900000度,单点定位,09,1056,
17年05月10日,09时35分19秒,北纬40.47702度,东经111.4170度,2.300000节,343.900000度,单点定位,09,1057,
17年05月10日,09时35分20秒,北纬40.47703度,东经111.4170度,3.100000节,333.900000度,单点定位,09,1057,
17年05月10日,09时35分21秒,北纬40.47704度,东经111.4170度,5.700000节,334.500000度,单点定位,08,1057,
17年05月10日,09时35分22秒,北纬40.47706度,东经111.4170度,9.400000节,335.500000度,单点定位,08,1057,
17年05月10日,09时35分23秒,北纬40.47710度,东经111.4169度,13.100000节,336.100000度,单点定位,08,1057,
17年05月10日,09时35分24秒,北纬40.47713度,东经111.4169度,13.100000节,336.700000度,单点定位,08,1057,
17年05月10日,09时35分25秒,北纬40.47716度,东经111.4169度,9.200000节,339.700000度,单点定位,08,1057,
17年05月10日,09时35分26秒,北纬40.47718度,东经111.4169度,4.500000节,347.200000度,单点定位,08,1057,
17年05月10日,09时35分27秒,北纬40.47719度,东经111.4169度,0.000000节,347.200000度,单点定位,08,1057,
17年05月10日,09时35分28秒,北纬40.47719度,东经111.4169度,0.000000节,347.200000度,单点定位,08,1057,
17年05月10日,09时35分29秒,北纬40.47719度,东经111.4169度,0.000000节,347.200000度,单点定位,08,1057,
17年05月10日,09时35分30秒,北纬40.47719度,东经111.4169度,0.000000节,347.200000度,单点定位,07,1057,
17年05月10日,09时35分31秒,北纬40.47719度,东经111.4169度,0.000000节,347.200000度,单点定位,08,1057,
17年05月10日,09时35分32秒,北纬40.47719度,东经111.4169度,0.000000节,347.200000度,单点定位,08,1057,
17年05月10日,09时35分33秒,北纬40.47719度,东经111.4169度,0.000000节,347.200000度,单点定位,08,1057,
17年05月10日,09时35分34秒,北纬40.47719度,东经111.4169度,0.000000节,347.200000度,单点定位,08,1057,
17年05月10日,09时35分35秒,北纬40.47719度,东经111.4169度,0.000000节,347.200000度,单点定位,07,1057,
17年05月10日,09时35分36秒,北纬40.47719度,东经111.4169度,0.000000节,347.200000度,单点定位,07,1057,
17年05月10日,09时35分37秒,北纬40.47719度,东经111.4169度,0.000000节,347.200000度,单点定位,07,1057,
17年05月10日,09时35分38秒,北纬40.47719度,东经111.4169度,0.000000节,347.200000度,单点定位,07,1057,
17年05月10日,09时35分39秒,北纬40.47719度,东经111.4169度,0.000000节,347.200000度,单点定位,07,1057,
17年05月10日,09时35分40秒,北纬40.47719度,东经111.4169度,0.000000节,347.200000度,单点定位,07,1057,
17年05月10日,09时35分41秒,北纬40.47719度,东经111.4169度,0.000000节,347.200000度,码差分,07,1057,
17年05月10日,09时35分42秒,北纬40.47719度,东经111.4169度,0.000000节,347.200000度,码差分,07,1057,
17年05月10日,09时35分43秒,北纬40.47719度,东经111.4169度,0.000000节,347.200000度,码差分,07,1057,
17年05月10日,09时35分44秒,北纬40.47719度,东经111.4169度,0.000000节,347.200000度,码差分,07,1057,
17年05月10日,09时35分45秒,北纬40.47719度,东经111.4169度,0.000000节,347.200000度,码差分,07,1057,
17年05月10日,09时35分46秒,北纬40.47719度,东经111.4169度,0.000000节,347.200000度,码差分,07,1057,
17年05月10日,09时35分47秒,北纬40.47719度,东经111.4169度,0.000000节,347.200000度,码差分,07,1057,
17年05月10日,09时35分48秒,北纬40.47719度,东经111.4169度,0.000000节,347.200000度,码差分,07,1057,
17年05月10日,09时35分49秒,北纬40.47719度,东经111.4169度,0.000000节,347.200000度,码差分,07,1057,
17年05月10日,09时35分50秒,北纬40.47719度,东经111.4169度,0.000000节,347.200000度,码差分,07,1057,
17年05月10日,09时35分51秒,北纬40.47719度,东经111.4169度,0.000000节,347.200000度,码差分,07,1057,
17年05月10日,09时35分52秒,北纬40.47719度,东经111.4169度,0.000000节,347.200000度,码差分,07,1057,
17年05月10日,09时35分53秒,北纬40.47719度,东经111.4169度,0.000000节,347.200000度,码差分,07,1057,
17年05月10日,09时35分54秒,北纬40.47719度,东经111.4169度,0.000000节,347.200000度,码差分,08,1057,
17年05月10日,09时35分55秒,北纬40.47719度,东经111.4169度,0.000000节,347.200000度,码差分,08,1057,
17年05月10日,09时35分56秒,北纬40.47719度,东经111.4169度,0.000000节,347.200000度,码差分,08,1057,
17年05月10日,09时35分57秒,北纬40.47719度,东经111.4169度,0.000000节,347.200000度,码差分,08,1057,
17年05月10日,09时35分58秒,北纬40.47719度,东经111.4169度,0.000000节,347.200000度,码差分,08,1057,
17年05月10日,09时35分59秒,北纬40.47719度,东经111.4169度,0.000000节,347.200000度,码差分,08,1057,
17年05月10日,09时36分00秒,北纬40.47719度,东经111.4169度,0.000000节,347.200000度,码差分,09,1057,
17年05月10日,09时36分01秒,北纬40.47719度,东经111.4169度,0.000000节,347.200000度,码差分,09,1057,
17年05月10日,09时36分02秒,北纬40.47719度,东经111.4169度,0.000000节,347.200000度,码差分,09,1057,
17年05月10日,09时36分03秒,北纬40.47719度,东经111.4169度,0.000000节,347.200000度,码差分,08,1057,
17年05月10日,09时36分04秒,北纬40.47719度,东经111.4169度,0.000000节,347.200000度,码差分,08,1057,
17年05月10日,09时36分05秒,北纬40.47719度,东经111.4169度,0.000000节,347.200000度,码差分,08,1057,
17年05月10日,09时36分06秒,北纬40.47719度,东经111.4169度,0.000000节,347.200000度,码差分,08,1057,
17年05月10日,09时36分07秒,北纬40.47719度,东经111.4169度,0.000000节,347.200000度,码差分,08,1057,
17年05月10日,09时36分08秒,北纬40.47719度,东经111.4169度,0.000000节,347.200000度,码差分,08,1057,
17年05月10日,09时36分09秒,北纬40.47719度,东经111.4169度,0.000000节,347.200000度,码差分,08,1057,
17年05月10日,09时36分10秒,北纬40.47719度,东经111.4169度,0.000000节,347.200000度,码差分,08,1057,
17年05月10日,09时36分11秒,北纬40.47719度,东经111.4169度,0.000000节,347.200000度,码差分,08,1057,
17年05月10日,09时36分12秒,北纬40.47719度,东经111.4169度,0.000000节,347.200000度,码差分,08,1057,
17年05月10日,09时36分13秒,北纬40.47719度,东经111.4169度,0.000000节,347.200000度,码差分,08,1057,
17年05月10日,09时36分14秒,北纬40.47719度,东经111.4169度,0.000000节,347.200000度,码差分,08,1057,
17年05月10日,09时36分15秒,北纬40.47719度,东经111.4169度,0.000000节,347.200000度,码差分,08,1057,
17年05月10日,09时36分16秒,北纬40.47719度,东经111.4169度,0.000000节,347.200000度,码差分,08,1057,
17年05月10日,09时36分17秒,北纬40.47719度,东经111.4169度,0.000000节,347.200000度,码差分,08,1057,
17年05月10日,09时36分18秒,北纬40.47719度,东经111.4169度,0.000000节,347.200000度,码差分,08,1057,
17年05月10日,09时36分19秒,北纬40.47719度,东经111.4169度,0.000000节,347.200000度,码差分,08,1057,
17年05月10日,09时36分20秒,北纬40.47719度,东经111.4169度,0.000000节,347.200000度,码差分,08,1057,
17年05月10日,09时36分21秒,北纬40.47719度,东经111.4169度,0.000000节,347.200000度,码差分,08,1057,
17年05月10日,09时36分22秒,北纬40.47719度,东经111.4169度,0.000000节,347.200000度,码差分,08,1057,
17年05月10日,09时36分23秒,北纬40.47719度,东经111.4169度,0.000000节,347.200000度,码差分,08,1057,
17年05月10日,09时36分24秒,北纬40.47719度,东经111.4169度,0.000000节,347.200000度,码差分,09,1057,
17年05月10日,09时36分25秒,北纬40.47719度,东经111.4169度,0.000000节,347.200000度,码差分,08,1057,
17年05月10日,09时36分26秒,北纬40.47719度,东经111.4169度,0.000000节,347.200000度,码差分,09,1057,
17年05月10日,09时36分27秒,北纬40.47719度,东经111.4169度,0.000000节,347.200000度,码差分,09,1057,
17年05月10日,09时36分28秒,北纬40.47719度,东经111.4169度,0.000000节,347.200000度,码差分,09,1057,
17年05月10日,09时36分29秒,北纬40.47719度,东经111.4169度,0.000000节,347.200000度,码差分,09,1057,
17年05月10日,09时36分30秒,北纬40.47719度,东经111.4169度,0.000000节,347.200000度,码差分,10,1057,
17年05月10日,09时36分31秒,北纬40.47719度,东经111.4169度,0.000000节,347.200000度,码差分,09,1057,
17年05月10日,09时36分32秒,北纬40.47719度,东经111.4169度,0.000000节,347.200000度,码差分,09,1057,
17年05月10日,09时36分33秒,北纬40.47719度,东经111.4169度,0.000000节,347.200000度,码差分,09,1057,
17年05月10日,09时36分34秒,北纬40.47719度,东经111.4169度,0.000000节,347.200000度,码差分,09,1057,
17年05月10日,09时36分35秒,北纬40.47719度,东经111.4169度,0.000000节,347.200000度,码差分,09,1057,
17年05月10日,09时36分36秒,北纬40.47719度,东经111.4169度,0.000000节,347.200000度,码差分,09,1057,
17年05月10日,09时36分37秒,北纬40.47719度,东经111.4169度,0.000000节,347.200000度,码差分,09,1057,
17年05月10日,09时36分38秒,北纬40.47719度,东经111.4169度,0.000000节,347.200000度,码差分,09,1057,
17年05月10日,09时36分39秒,北纬40.47719度,东经111.4169度,0.000000节,347.200000度,码差分,09,1057,
17年05月10日,09时36分40秒,北纬40.47719度,东经111.4169度,0.000000节,347.200000度,码差分,09,1057,
17年05月10日,09时36分41秒,北纬40.47719度,东经111.4169度,0.000000节,347.200000度,码差分,09,1057,
17年05月10日,09时36分42秒,北纬40.47719度,东经111.4169度,0.000000节,347.200000度,码差分,09,1057,
17年05月10日,09时36分43秒,北纬40.47719度,东经111.4169度,0.000000节,347.200000度,码差分,09,1057,
17年05月10日,09时36分44秒,北纬40.47719度,东经111.4169度,0.000000节,347.200000度,码差分,09,1057,
17年05月10日,09时36分45秒,北纬40.47719度,东经111.4169度,0.000000节,347.200000度,码差分,09,1057,
17年05月10日,09时36分46秒,北纬40.47719度,东经111.4169度,0.000000节,347.200000度,码差分,09,1057,
17年05月10日,09时36分47秒,北纬40.47719度,东经111.4169度,0.000000节,347.200000度,码差分,10,1057,
17年05月10日,09时36分48秒,北纬40.47719度,东经111.4169度,0.000000节,347.200000度,码差分,10,1057,
17年05月10日,09时36分49秒,北纬40.47719度,东经111.4169度,0.000000节,347.200000度,码差分,10,1057,
17年05月10日,09时36分50秒,北纬40.47719度,东经111.4169度,0.000000节,347.200000度,码差分,10,1057,
17年05月10日,09时36分51秒,北纬40.47719度,东经111.4169度,0.000000节,347.200000度,码差分,10,1057,
17年05月10日,09时36分52秒,北纬40.47719度,东经111.4169度,0.000000节,347.200000度,码差分,10,1057,
17年05月10日,09时36分53秒,北纬40.47719度,东经111.4169度,0.000000节,347.200000度,码差分,10,1057,
17年05月10日,09时36分54秒,北纬40.47719度,东经111.4169度,0.000000节,347.200000度,码差分,10,1057,
17年05月10日,09时36分55秒,北纬40.47719度,东经111.4169度,0.000000节,347.200000度,码差分,10,1057,
17年05月10日,09时36分56秒,北纬40.47719度,东经111.4169度,0.000000节,347.200000度,码差分,10,1057,
17年05月10日,09时36分57秒,北纬40.47719度,东经111.4169度,0.000000节,347.200000度,码差分,10,1057,
17年05月10日,09时36分58秒,北纬40.47719度,东经111.4169度,0.000000节,347.200000度,码差分,10,1057,
17年05月10日,09时36分59秒,北纬40.47719度,东经111.4169度,0.000000节,347.200000度,码差分,10,1057,
17年05月10日,09时37分00秒,北纬40.47719度,东经111.4169度,0.000000节,347.200000度,码差分,10,1057,
17年05月10日,09时37分01秒,北纬40.47719度,东经111.4169度,0.000000节,347.200000度,码差分,10,1057,
17年05月10日,09时37分02秒,北纬40.47719度,东经111.4169度,0.000000节,347.200000度,码差分,10,1057,
17年05月10日,09时37分03秒,北纬40.47719度,东经111.4169度,0.000000节,347.200000度,码差分,10,1057,
17年05月10日,09时37分04秒,北纬40.47719度,东经111.4169度,0.000000节,347.200000度,码差分,10,1057,
17年05月10日,09时37分05秒,北纬40.47722度,东经111.4169度,3.500000节,343.100000度,码差分,09,1053,
17年05月10日,09时37分06秒,北纬40.47724度,东经111.4169度,7.800000节,342.600000度,码差分,10,1053,
17年05月10日,09时37分07秒,北纬40.47726度,东经111.4168度,11.000000节,339.300000度,码差分,10,1054,
17年05月10日,09时37分08秒,北纬40.47730度,东经111.4168度,13.000000节,340.100000度,码差分,10,1054,
17年05月10日,09时37分09秒,北纬40.47733度,东经111.4168度,14.800000节,339.400000度,码差分,10,1054,
17年05月10日,09时37分10秒,北纬40.47737度,东经111.4168度,15.900000节,338.500000度,码差分,10,1054,
17年05月10日,09时37分11秒,北纬40.47742度,东经111.4168度,16.000000节,337.700000度,码差分,10,1054,
17年05月10日,09时37分12秒,北纬40.47746度,东经111.4167度,16.200000节,338.300000度,码差分,10,1054,
17年05月10日,09时37分13秒,北纬40.47750度,东经111.4167度,17.800000节,338.100000度,码差分,10,1055,
17年05月10日,09时37分14秒,北纬40.47755度,东经111.4167度,18.100000节,338.600000度,码差分,10,1055,
17年05月10日,09时37分15秒,北纬40.47760度,东经111.4167度,19.600000节,338.800000度,码差分,09,1056,
17年05月10日,09时37分16秒,北纬40.47765度,东经111.4166度,20.300000节,338.100000度,码差分,10,1056,
17年05月10日,09时37分17秒,北纬40.47770度,东经111.4166度,20.100000节,338.900000度,码差分,09,1056,
17年05月10日,09时37分18秒,北纬40.47776度,东经111.4166度,20.000000节,340.100000度,码差分,09,1056,
17年05月10日,09时37分19秒,北纬40.47781度,东经111.4166度,20.800000节,341.300000度,码差分,09,1057,
17年05月10日,09时37分20秒,北纬40.47787度,东经111.4165度,21.800000节,342.900000度,码差分,10,1057,
17年05月10日,09时37分21秒,北纬40.47793度,东经111.4165度,22.900000节,344.000000度,码差分,10,1057,
17年05月10日,09时37分22秒,北纬40.47800度,东经111.4165度,23.500000节,343.000000度,码差分,10,1058,
17年05月10日,09时37分23秒,北纬40.47806度,东经111.4165度,23.800000节,343.200000度,码差分,10,1059,
17年05月10日,09时37分24秒,北纬40.47813度,东经111.4164度,23.100000节,343.900000度,码差分,09,1059,
17年05月10日,09时37分25秒,北纬40.47818度,东经111.4164度,20.100000节,345.000000度,码差分,10,1060,
17年05月10日,09时37分26秒,北纬40.47823度,东经111.4164度,15.300000节,346.200000度,码差分,09,1060,
17年05月10日,09时37分27秒,北纬40.47827度,东经111.4164度,12.500000节,346.700000度,码差分,10,1060,
17年05月10日,09时37分28秒,北纬40.47830度,东经111.4164度,10.500000节,345.800000度,码差分,10,1060,
17年05月10日,09时37分29秒,北纬40.47832度,东经111.4164度,8.300000节,344.200000度,码差分,10,1060,
17年05月10日,09时37分30秒,北纬40.47834度,东经111.4164度,6.900000节,342.000000度,码差分,10,1060,
17年05月10日,09时37分31秒,北纬40.47836度,东经111.4163度,6.600000节,339.900000度,码差分,09,1061,
17年05月10日,09时37分32秒,北纬40.47838度,东经111.4163度,8.600000节,337.900000度,码差分,10,1061,
17年05月10日,09时37分33秒,北纬40.47840度,东经111.4163度,11.800000节,337.200000度,码差分,09,1061,
17年05月10日,09时37分34秒,北纬40.47844度,东经111.4163度,14.500000节,337.400000度,码差分,10,1061,
17年05月10日,09时37分35秒,北纬40.47848度,东经111.4163度,15.400000节,338.200000度,码差分,09,1061,
17年05月10日,09时37分36秒,北纬40.47853度,东经111.4163度,17.500000节,339.200000度,码差分,09,1061,
17年05月10日,09时37分37秒,北纬40.47857度,东经111.4162度,18.400000节,339.800000度,码差分,09,1061,
17年05月10日,09时37分38秒,北纬40.47862度,东经111.4162度,18.400000节,340.500000度,码差分,09,1061,
17年05月10日,09时37分39秒,北纬40.47867度,东经111.4162度,19.000000节,341.400000度,码差分,09,1061,
17年05月10日,09时37分40秒,北纬40.47873度,东经111.4162度,18.700000节,342.500000度,码差分,09,1062,
17年05月10日,09时37分41秒,北纬40.47878度,东经111.4161度,18.700000节,343.400000度,码差分,09,1062,
17年05月10日,09时37分42秒,北纬40.47883度,东经111.4161度,19.300000节,343.700000度,码差分,10,1062,
17年05月10日,09时37分43秒,北纬40.47889度,东经111.4161度,19.800000节,343.100000度,码差分,10,1062,
17年05月10日,09时37分44秒,北纬40.47894度,东经111.4161度,19.500000节,341.800000度,码差分,10,1062,
17年05月10日,09时37分45秒,北纬40.47899度,东经111.4161度,19.000000节,340.400000度,码差分,09,1062,
17年05月10日,09时37分46秒,北纬40.47904度,东经111.4160度,18.700000节,339.800000度,码差分,10,1062,
17年05月10日,09时37分47秒,北纬40.47909度,东经111.4160度,19.000000节,339.300000度,码差分,10,1062,
17年05月10日,09时37分48秒,北纬40.47914度,东经111.4160度,17.500000节,339.900000度,码差分,10,1062,
17年05月10日,09时37分49秒,北纬40.47919度,东经111.4160度,16.600000节,340.600000度,码差分,10,1062,
17年05月10日,09时37分50秒,北纬40.47923度,东经111.4159度,15.500000节,340.900000度,码差分,10,1063,
17年05月10日,09时37分51秒,北纬40.47927度,东经111.4159度,14.400000节,340.900000度,码差分,10,1063,
17年05月10日,09时37分52秒,北纬40.47930度,东经111.4159度,13.300000节,340.400000度,码差分,09,1064,
17年05月10日,09时37分53秒,北纬40.47934度,东经111.4159度,12.300000节,339.600000度,码差分,09,1064,
17年05月10日,09时37分54秒,北纬40.47937度,东经111.4159度,11.100000节,339.000000度,码差分,09,1064,
17年05月10日,09时37分55秒,北纬40.47939度,东经111.4159度,9.800000节,338.700000度,码差分,09,1064,
17年05月10日,09时37分56秒,北纬40.47942度,东经111.4158度,9.500000节,338.400000度,码差分,09,1063,
17年05月10日,09时37分57秒,北纬40.47945度,东经111.4158度,10.200000节,344.700000度,码差分,09,1063,
17年05月10日,09时37分58秒,北纬40.47947度,东经111.4158度,10.000000节,344.900000度,码差分,10,1063,
17年05月10日,09时37分59秒,北纬40.47950度,东经111.4158度,8.600000节,347.400000度,码差分,10,1063,
17年05月10日,09时38分00秒,北纬40.47952度,东经111.4158度,7.900000节,354.100000度,码差分,10,1062,
17年05月10日,09时38分01秒,北纬40.47955度,东经111.4158度,8.600000节,353.300000度,码差分,10,1062,
17年05月10日,09时38分02秒,北纬40.47957度,东经111.4158度,9.300000节,352.400000度,码差分,10,1062,
17年05月10日,09时38分03秒,北纬40.47959度,东经111.4158度,8.000000节,351.400000度,码差分,10,1062,
17年05月10日,09时38分04秒,北纬40.47961度,东经111.4158度,6.900000节,350.500000度,码差分,10,1062,
17年05月10日,09时38分05秒,北纬40.47963度,东经111.4158度,4.500000节,349.300000度,码差分,10,1062,
17年05月10日,09时38分06秒,北纬40.47964度,东经111.4158度,3.200000节,345.400000度,码差分,10,1062,
17年05月10日,09时38分07秒,北纬40.47964度,东经111.4158度,2.200000节,345.400000度,码差分,10,1063,
17年05月10日,09时38分08秒,北纬40.47965度,东经111.4158度,0.100000节,345.400000度,码差分,10,1063,
17年05月10日,09时38分09秒,北纬40.47965度,东经111.4158度,0.000000节,345.400000度,码差分,10,1063,
17年05月10日,09时38分10秒,北纬40.47966度,东经111.4158度,0.000000节,345.400000度,码差分,10,1064,
17年05月10日,09时38分11秒,北纬40.47966度,东经111.4158度,0.000000节,345.400000度,码差分,10,1064,
17年05月10日,09时38分12秒,北纬40.47966度,东经111.4158度,0.000000节,345.400000度,码差分,09,1064,
17年05月10日,09时38分13秒,北纬40.47966度,东经111.4158度,0.000000节,345.400000度,码差分,09,1064,
17年05月10日,09时38分14秒,北纬40.47966度,东经111.4158度,0.000000节,345.400000度,码差分,09,1064,
17年05月10日,09时38分15秒,北纬40.47966度,东经111.4158度,0.000000节,345.400000度,码差分,09,1064,
17年05月10日,09时38分16秒,北纬40.47966度,东经111.4158度,0.000000节,345.400000度,码差分,09,1064,
17年05月10日,09时38分17秒,北纬40.47966度,东经111.4158度,0.000000节,345.400000度,码差分,09,1064,
17年05月10日,09时38分18秒,北纬40.47966度,东经111.4158度,0.000000节,345.400000度,码差分,09,1064,
17年05月10日,09时38分19秒,北纬40.47967度,东经111.4158度,1.600000节,345.400000度,码差分,09,1064,
17年05月10日,09时38分20秒,北纬40.47967度,东经111.4157度,2.500000节,345.400000度,码差分,09,1064,
17年05月10日,09时38分21秒,北纬40.47969度,东经111.4157度,2.900000节,337.400000度,码差分,10,1064,
17年05月10日,09时38分22秒,北纬40.47970度,东经111.4157度,2.200000节,340.600000度,码差分,10,1064,
17年05月10日,09时38分23秒,北纬40.47970度,东经111.4157度,0.800000节,341.400000度,码差分,10,1064,
17年05月10日,09时38分24秒,北纬40.47970度,东经111.4157度,0.000000节,341.400000度,码差分,10,1064,
17年05月10日,09时38分25秒,北纬40.47971度,东经111.4157度,0.000000节,341.400000度,码差分,10,1064,
17年05月10日,09时38分26秒,北纬40.47971度,东经111.4157度,0.000000节,341.400000度,码差分,10,1064,
17年05月10日,09时38分27秒,北纬40.47971度,东经111.4157度,0.000000节,341.400000度,码差分,10,1064,
17年05月10日,09时38分28秒,北纬40.47971度,东经111.4157度,0.000000节,341.400000度,码差分,10,1064,
17年05月10日,09时38分29秒,北纬40.47971度,东经111.4157度,0.000000节,341.400000度,码差分,10,1064,
17年05月10日,09时38分30秒,北纬40.47971度,东经111.4157度,0.000000节,341.400000度,码差分,10,1064,
17年05月10日,09时38分31秒,北纬40.47971度,东经111.4157度,0.000000节,341.400000度,码差分,10,1064,
17年05月10日,09时38分32秒,北纬40.47971度,东经111.4157度,0.000000节,341.400000度,码差分,10,1064,
17年05月10日,09时38分33秒,北纬40.47971度,东经111.4157度,0.000000节,341.400000度,码差分,10,1064,
17年05月10日,09时38分34秒,北纬40.47971度,东经111.4157度,0.000000节,341.400000度,码差分,10,1064,
17年05月10日,09时38分35秒,北纬40.47971度,东经111.4157度,0.000000节,341.400000度,码差分,10,1064,
17年05月10日,09时38分36秒,北纬40.47971度,东经111.4157度,0.000000节,341.400000度,码差分,10,1064,
17年05月10日,09时38分37秒,北纬40.47972度,东经111.4157度,1.200000节,335.600000度,码差分,10,1064,
17年05月10日,09时38分38秒,北纬40.47972度,东经111.4157度,1.600000节,338.400000度,码差分,10,1064,
17年05月10日,09时38分39秒,北纬40.47973度,东经111.4157度,1.400000节,345.100000度,码差分,10,1064,
17年05月10日,09时38分40秒,北纬40.47973度,东经111.4157度,1.500000节,344.400000度,码差分,10,1064,
17年05月10日,09时38分41秒,北纬40.47974度,东经111.4157度,1.700000节,343.800000度,码差分,10,1064,
17年05月10日,09时38分42秒,北纬40.47974度,东经111.4157度,1.500000节,346.000000度,码差分,09,1064,
17年05月10日,09时38分43秒,北纬40.47975度,东经111.4157度,1.000000节,348.300000度,码差分,09,1064,
17年05月10日,09时38分44秒,北纬40.47975度,东经111.4157度,0.700000节,356.500000度,码差分,09,1064,
17年05月10日,09时38分45秒,北纬40.47975度,东经111.4157度,0.400000节,356.500000度,码差分,10,1064,
17年05月10日,09时38分46秒,北纬40.47975度,东经111.4157度,0.400000节,356.500000度,码差分,09,1063,
17年05月10日,09时38分47秒,北纬40.47975度,东经111.4157度,0.500000节,351.000000度,码差分,09,1063,
17年05月10日,09时38分48秒,北纬40.47976度,东经111.4157度,0.700000节,338.000000度,码差分,09,1063,
17年05月10日,09时38分49秒,北纬40.47976度,东经111.4157度,1.000000节,334.600000度,码差分,09,1063,
17年05月10日,09时38分50秒,北纬40.47976度,东经111.4157度,0.600000节,351.200000度,码差分,10,1063,
17年05月10日,09时38分51秒,北纬40.47976度,东经111.4157度,0.000000节,351.200000度,码差分,08,1063,
17年05月10日,09时38分52秒,北纬40.47976度,东经111.4157度,0.000000节,351.200000度,码差分,09,1063,
17年05月10日,09时38分53秒,北纬40.47976度,东经111.4157度,0.000000节,351.200000度,码差分,09,1063,
17年05月10日,09时38分54秒,北纬40.47976度,东经111.4157度,0.000000节,351.200000度,码差分,09,1063,
17年05月10日,09时38分55秒,北纬40.47976度,东经111.4157度,0.000000节,351.200000度,码差分,09,1063,
17年05月10日,09时38分56秒,北纬40.47976度,东经111.4157度,0.000000节,351.200000度,码差分,09,1063,
17年05月10日,09时38分57秒,北纬40.47976度,东经111.4157度,0.000000节,351.200000度,码差分,09,1063,
17年05月10日,09时38分58秒,北纬40.47976度,东经111.4157度,0.000000节,351.200000度,码差分,09,1063,
17年05月10日,09时38分59秒,北纬40.47976度,东经111.4157度,0.000000节,351.200000度,码差分,10,1063,
17年05月10日,09时39分00秒,北纬40.47976度,东经111.4157度,0.000000节,351.200000度,码差分,10,1063,
17年05月10日,09时39分01秒,北纬40.47976度,东经111.4157度,0.000000节,351.200000度,码差分,10,1063,
17年05月10日,09时39分02秒,北纬40.47976度,东经111.4157度,0.000000节,351.200000度,码差分,10,1063,
17年05月10日,09时39分03秒,北纬40.47976度,东经111.4157度,0.000000节,351.200000度,码差分,10,1063,
17年05月10日,09时39分04秒,北纬40.47976度,东经111.4157度,0.000000节,351.200000度,码差分,10,1063,
17年05月10日,09时39分05秒,北纬40.47976度,东经111.4157度,0.000000节,351.200000度,码差分,10,1063,
17年05月10日,09时39分06秒,北纬40.47976度,东经111.4157度,0.000000节,351.200000度,码差分,09,1063,
17年05月10日,09时39分07秒,北纬40.47976度,东经111.4157度,0.000000节,351.200000度,码差分,09,1063,
17年05月10日,09时39分08秒,北纬40.47976度,东经111.4157度,0.000000节,351.200000度,码差分,10,1063,
17年05月10日,09时39分09秒,北纬40.47976度,东经111.4157度,0.000000节,351.200000度,码差分,10,1063,
17年05月10日,09时39分10秒,北纬40.47976度,东经111.4157度,0.000000节,351.200000度,码差分,10,1063,
17年05月10日,09时39分11秒,北纬40.47976度,东经111.4157度,0.000000节,351.200000度,码差分,10,1063,
17年05月10日,09时39分12秒,北纬40.47976度,东经111.4157度,0.000000节,351.200000度,码差分,10,1063,
17年05月10日,09时39分13秒,北纬40.47977度,东经111.4157度,2.500000节,323.800000度,码差分,10,1063,
17年05月10日,09时39分14秒,北纬40.47978度,东经111.4157度,6.000000节,324.500000度,码差分,10,1063,
17年05月10日,09时39分15秒,北纬40.47981度,东经111.4157度,8.000000节,325.900000度,码差分,09,1063,
17年05月10日,09时39分16秒,北纬40.47983度,东经111.4157度,9.200000节,326.800000度,码差分,10,1063,
17年05月10日,09时39分17秒,北纬40.47986度,东经111.4157度,11.800000节,328.200000度,码差分,10,1063,
17年05月10日,09时39分18秒,北纬40.47990度,东经111.4157度,12.300000节,329.700000度,码差分,10,1063,
17年05月10日,09时39分19秒,北纬40.47993度,东经111.4156度,11.100000节,331.000000度,码差分,10,1063,
17年05月10日,09时39分20秒,北纬40.47996度,东经111.4156度,10.600000节,332.200000度,码差分,10,1063,
17年05月10日,09时39分21秒,北纬40.47998度,东经111.4156度,8.900000节,333.400000度,码差分,10,1063,
17年05月10日,09时39分22秒,北纬40.48000度,东经111.4156度,6.900000节,334.300000度,码差分,10,1064,
17年05月10日,09时39分23秒,北纬40.48002度,东经111.4156度,7.800000节,335.200000度,码差分,10,1064,
17年05月10日,09时39分24秒,北纬40.48005度,东经111.4156度,9.100000节,336.000000度,码差分,10,1065,
17年05月10日,09时39分25秒,北纬40.48007度,东经111.4156度,9.900000节,336.900000度,码差分,10,1066,
17年05月10日,09时39分26秒,北纬40.48010度,东经111.4155度,10.300000节,337.600000度,码差分,10,1066,
17年05月10日,09时39分27秒,北纬40.48013度,东经111.4155度,12.200000节,339.700000度,码差分,10,1067,
17年05月10日,09时39分28秒,北纬40.48016度,东经111.4155度,13.700000节,340.900000度,码差分,10,1067,
17年05月10日,09时39分29秒,北纬40.48020度,东经111.4155度,14.500000节,341.700000度,码差分,10,1068,
17年05月10日,09时39分30秒,北纬40.48024度,东经111.4155度,14.600000节,342.200000度,码差分,10,1069,
17年05月10日,09时39分31秒,北纬40.48028度,东经111.4155度,14.100000节,342.300000度,码差分,10,1069,
17年05月10日,09时39分31秒,北纬40.48028度,东经111.4155度,14.100000节,342.300000度,码差分,10,1069,
17年05月10日,09时39分32秒,北纬40.48031度,东经111.4154度,12.400000节,341.900000度,码差分,10,1069,
17年05月10日,09时39分33秒,北纬40.48034度,东经111.4154度,9.500000节,341.900000度,码差分,10,1069,
17年05月10日,09时39分34秒,北纬40.48037度,东经111.4154度,7.800000节,341.700000度,码差分,10,1069,
17年05月10日,09时39分35秒,北纬40.48039度,东经111.4154度,8.700000节,342.200000度,码差分,09,1068,
17年05月10日,09时39分36秒,北纬40.48042度,东经111.4154度,10.500000节,342.200000度,码差分,10,1069,
17年05月10日,09时39分37秒,北纬40.48045度,东经111.4154度,10.900000节,341.700000度,码差分,09,1069,
17年05月10日,09时39分38秒,北纬40.48047度,东经111.4154度,11.200000节,340.900000度,码差分,09,1068,
17年05月10日,09时39分39秒,北纬40.48051度,东经111.4154度,12.100000节,339.600000度,码差分,09,1068,
17年05月10日,09时39分40秒,北纬40.48054度,东经111.4153度,14.500000节,338.200000度,码差分,09,1067,
17年05月10日,09时39分41秒,北纬40.48058度,东经111.4153度,16.800000节,337.500000度,码差分,08,1067,
17年05月10日,09时39分42秒,北纬40.48063度,东经111.4153度,17.400000节,338.000000度,码差分,09,1067,
17年05月10日,09时39分44秒,北纬40.48072度,东经111.4152度,15.400000节,339.200000度,码差分,09,1067,
17年05月10日,09时39分45秒,北纬40.48076度,东经111.4152度,16.100000节,341.100000度,码差分,09,1067,
17年05月10日,09时39分46秒,北纬40.48081度,东经111.4152度,17.100000节,343.000000度,码差分,09,1068,
17年05月10日,09时39分46秒,北纬40.48081度,东经111.4152度,17.100000节,343.000000度,码差分,09,1068,
17年05月10日,09时39分48秒,北纬40.48092度,东经111.4152度,19.900000节,345.900000度,码差分,08,1068,
17年05月10日,09时39分48秒,北纬40.48092度,东经111.4152度,19.900000节,345.900000度,码差分,08,1069,
17年05月10日,09时39分50秒,北纬40.48103度,东经111.4151度,20.200000节,346.000000度,码差分,08,1069,
17年05月10日,09时39分50秒,北纬40.48103度,东经111.4151度,20.200000节,346.000000度,码差分,09,1070,
17年05月10日,09时39分51秒,北纬40.48108度,东经111.4151度,20.400000节,345.700000度,码差分,09,1070,
17年05月10日,09时39分52秒,北纬40.48113度,东经111.4151度,21.300000节,345.400000度,码差分,09,1070,
17年05月10日,09时39分53秒,北纬40.48119度,东经111.4151度,21.400000节,344.600000度,码差分,09,1070,
17年05月10日,09时39分55秒,北纬40.48131度,东经111.4150度,21.700000节,342.000000度,码差分,09,1070,
17年05月10日,09时39分55秒,北纬40.48131度,东经111.4150度,21.700000节,342.000000度,码差分,09,1069,
17年05月10日,09时39分56秒,北纬40.48137度,东经111.4150度,22.600000节,341.100000度,码差分,09,1069,
17年05月10日,09时39分57秒,北纬40.48142度,东经111.4149度,21.600000节,340.500000度,码差分,10,1070,
17年05月10日,09时39分58秒,北纬40.48148度,东经111.4149度,20.000000节,340.500000度,码差分,10,1070,
17年05月10日,09时39分59秒,北纬40.48153度,东经111.4149度,19.000000节,341.600000度,码差分,10,1070,
17年05月10日,09时40分00秒,北纬40.48158度,东经111.4149度,18.700000节,343.000000度,码差分,10,1070,
17年05月10日,09时40分02秒,北纬40.48168度,东经111.4148度,18.600000节,343.700000度,码差分,10,1070,
17年05月10日,09时40分02秒,北纬40.48168度,东经111.4148度,18.600000节,343.700000度,码差分,10,1069,
17年05月10日,09时40分04秒,北纬40.48178度,东经111.4148度,18.900000节,341.300000度,码差分,10,1069,
17年05月10日,09时40分04秒,北纬40.48178度,东经111.4148度,18.900000节,341.300000度,码差分,10,1070,
17年05月10日,09时40分05秒,北纬40.48183度,东经111.4148度,18.900000节,340.100000度,码差分,10,1069,
17年05月10日,09时40分06秒,北纬40.48189度,东经111.4147度,18.300000节,340.000000度,码差分,10,1069,
17年05月10日,09时40分07秒,北纬40.48193度,东经111.4147度,18.300000节,340.200000度,码差分,10,1069,
17年05月10日,09时40分08秒,北纬40.48198度,东经111.4147度,17.900000节,340.500000度,码差分,10,1069,
17年05月10日,09时40分09秒,北纬40.48203度,东经111.4147度,17.900000节,341.200000度,码差分,10,1070,
17年05月10日,09时40分10秒,北纬40.48207度,东经111.4146度,17.700000节,341.300000度,码差分,10,1070,
17年05月10日,09时40分11秒,北纬40.48212度,东经111.4146度,17.400000节,341.100000度,码差分,10,1070,
17年05月10日,09时40分12秒,北纬40.48216度,东经111.4146度,16.800000节,341.300000度,码差分,10,1070,
17年05月10日,09时40分13秒,北纬40.48221度,东经111.4146度,16.800000节,342.100000度,码差分,10,1070,
17年05月10日,09时40分14秒,北纬40.48225度,东经111.4146度,17.200000节,342.300000度,码差分,10,1070,
17年05月10日,09时40分16秒,北纬40.48235度,东经111.4145度,19.900000节,340.200000度,码差分,10,1071,
17年05月10日,09时40分16秒,北纬40.48235度,东经111.4145度,19.900000节,340.200000度,码差分,10,1070,
17年05月10日,09时40分17秒,北纬40.48240度,东经111.4145度,20.100000节,339.400000度,码差分,10,1071,
17年05月10日,09时40分19秒,北纬40.48250度,东经111.4144度,18.300000节,339.500000度,码差分,10,1071,
17年05月10日,09时40分19秒,北纬40.48250度,东经111.4144度,18.300000节,339.500000度,码差分,10,1071,
17年05月10日,09时40分20秒,北纬40.48255度,东经111.4144度,16.400000节,340.600000度,码差分,10,1071,
17年05月10日,09时40分22秒,北纬40.48262度,东经111.4144度,13.200000节,340.400000度,码差分,10,1071,
17年05月10日,09时40分22秒,北纬40.48262度,东经111.4144度,13.200000节,340.400000度,码差分,10,1071,
17年05月10日,09时40分23秒,北纬40.48265度,东经111.4143度,11.100000节,339.800000度,码差分,10,1071,
17年05月10日,09时40分24秒,北纬40.48268度,东经111.4143度,9.000000节,339.600000度,码差分,10,1071,
17年05月10日,09时40分25秒,北纬40.48270度,东经111.4143度,5.600000节,340.300000度,码差分,10,1071,
17年05月10日,09时40分26秒,北纬40.48272度,东经111.4143度,2.900000节,340.600000度,码差分,10,1070,
17年05月10日,09时40分28秒,北纬40.48273度,东经111.4143度,0.100000节,340.900000度,码差分,10,1070,
17年05月10日,09时40分29秒,北纬40.48273度,东经111.4143度,0.100000节,340.900000度,码差分,10,1070,
17年05月10日,09时40分29秒,北纬40.48273度,东经111.4143度,0.100000节,340.900000度,码差分,10,1070,
17年05月10日,09时40分30秒,北纬40.48273度,东经111.4143度,0.000000节,340.900000度,码差分,10,1070,
17年05月10日,09时40分31秒,北纬40.48273度,东经111.4143度,0.000000节,340.900000度,码差分,10,1070,
17年05月10日,09时40分32秒,北纬40.48273度,东经111.4143度,0.000000节,340.900000度,码差分,10,1070,
17年05月10日,09时40分34秒,北纬40.48273度,东经111.4143度,0.000000节,340.900000度,码差分,10,1070,
17年05月10日,09时40分34秒,北纬40.48273度,东经111.4143度,0.000000节,340.900000度,码差分,10,1070,
17年05月10日,09时40分35秒,北纬40.48273度,东经111.4143度,0.000000节,340.900000度,码差分,10,1070,
17年05月10日,09时40分36秒,北纬40.48273度,东经111.4143度,0.000000节,340.900000度,码差分,10,1070,
17年05月10日,09时40分37秒,北纬40.48273度,东经111.4143度,0.000000节,340.900000度,码差分,10,1070,
17年05月10日,09时40分38秒,北纬40.48273度,东经111.4143度,0.000000节,340.900000度,码差分,10,1070,
17年05月10日,09时40分39秒,北纬40.48273度,东经111.4143度,0.000000节,340.900000度,码差分,10,1070,
17年05月10日,09时40分40秒,北纬40.48273度,东经111.4143度,0.000000节,340.900000度,码差分,10,1070,
17年05月10日,09时40分41秒,北纬40.48273度,东经111.4143度,2.600000节,340.900000度,码差分,10,1070,
17年05月10日,09时40分42秒,北纬40.48273度,东经111.4143度,3.800000节,239.100000度,码差分,10,1070,
17年05月10日,09时40分43秒,北纬40.48272度,东经111.4143度,4.600000节,203.600000度,码差分,10,1069,
17年05月10日,09时40分44秒,北纬40.48270度,东经111.4143度,5.500000节,178.300000度,码差分,10,1069,
17年05月10日,09时40分45秒,北纬40.48268度,东经111.4143度,8.500000节,156.600000度,码差分,10,1068,
17年05月10日,09时40分46秒,北纬40.48266度,东经111.4143度,9.600000节,153.100000度,码差分,10,1068,
17年05月10日,09时40分47秒,北纬40.48263度,东经111.4143度,10.500000节,155.300000度,码差分,10,1067,
17年05月10日,09时40分48秒,北纬40.48260度,东经111.4143度,11.400000节,156.600000度,码差分,10,1066,
17年05月10日,09时40分49秒,北纬40.48257度,东经111.4144度,12.100000节,158.300000度,码差分,10,1065,
17年05月10日,09时40分50秒,北纬40.48254度,东经111.4144度,13.000000节,160.000000度,码差分,09,1065,
17年05月10日,09时40分51秒,北纬40.48250度,东经111.4144度,13.400000节,160.300000度,码差分,09,1064,
17年05月10日,09时40分52秒,北纬40.48247度,东经111.4144度,13.700000节,161.500000度,码差分,09,1064,
17年05月10日,09时40分53秒,北纬40.48243度,东经111.4144度,14.000000节,162.600000度,码差分,10,1063,
17年05月10日,09时40分54秒,北纬40.48240度,东经111.4144度,14.200000节,163.200000度,码差分,09,1062,
17年05月10日,09时40分55秒,北纬40.48236度,东经111.4145度,14.200000节,163.400000度,码差分,09,1062,
17年05月10日,09时40分56秒,北纬40.48232度,东经111.4145度,13.400000节,163.600000度,码差分,09,1061,
17年05月10日,09时40分57秒,北纬40.48229度,东经111.4145度,12.400000节,164.200000度,码差分,10,1060,
17年05月10日,09时40分58秒,北纬40.48226度,东经111.4145度,11.300000节,164.500000度,码差分,10,1060,
17年05月10日,09时40分59秒,北纬40.48223度,东经111.4145度,8.800000节,165.100000度,码差分,10,1059,
17年05月10日,09时41分00秒,北纬40.48220度,东经111.4145度,6.400000节,166.800000度,码差分,10,1058,
17年05月10日,09时41分01秒,北纬40.48219度,东经111.4145度,4.500000节,175.700000度,码差分,10,1058,
17年05月10日,09时41分02秒,北纬40.48218度,东经111.4145度,3.600000节,186.300000度,码差分,10,1058,
17年05月10日,09时41分03秒,北纬40.48217度,东经111.4145度,3.100000节,201.900000度,码差分,10,1057,
17年05月10日,09时41分04秒,北纬40.48216度,东经111.4145度,3.400000节,220.200000度,码差分,10,1057,
17年05月10日,09时41分05秒,北纬40.48215度,东经111.4145度,3.000000节,219.900000度,码差分,10,1056,
17年05月10日,09时41分06秒,北纬40.48214度,东经111.4145度,3.500000节,221.400000度,码差分,10,1056,
17年05月10日,09时41分07秒,北纬40.48214度,东经111.4145度,4.100000节,224.200000度,码差分,10,1055,
17年05月10日,09时41分08秒,北纬40.48213度,东经111.4144度,4.400000节,226.400000度,码差分,10,1055,
17年05月10日,09时41分09秒,北纬40.48213度,东经111.4144度,4.600000节,228.900000度,码差分,10,1055,
17年05月10日,09时41分10秒,北纬40.48212度,东经111.4144度,4.300000节,256.400000度,码差分,10,1054,
17年05月10日,09时41分11秒,北纬40.48212度,东经111.4144度,4.200000节,255.000000度,码差分,10,1054,
17年05月10日,09时41分12秒,北纬40.48211度,东经111.4144度,3.000000节,254.400000度,码差分,10,1054,
17年05月10日,09时41分13秒,北纬40.48211度,东经111.4144度,0.100000节,254.400000度,码差分,10,1053,
17年05月10日,09时41分15秒,北纬40.48211度,东经111.4144度,0.000000节,254.400000度,码差分,10,1054,
17年05月10日,09时41分15秒,北纬40.48211度,东经111.4144度,0.000000节,254.400000度,码差分,10,1054,
17年05月10日,09时41分16秒,北纬40.48211度,东经111.4144度,0.000000节,254.300000度,码差分,10,1054,
17年05月10日,09时41分17秒,北纬40.48211度,东经111.4144度,0.000000节,254.400000度,码差分,10,1054,
17年05月10日,09时41分18秒,北纬40.48211度,东经111.4144度,0.000000节,254.400000度,码差分,10,1054,
17年05月10日,09时41分19秒,北纬40.48211度,东经111.4144度,0.100000节,254.400000度,码差分,10,1054,
17年05月10日,09时41分20秒,北纬40.48210度,东经111.4144度,0.300000节,254.400000度,码差分,10,1054,
17年05月10日,09时41分21秒,北纬40.48211度,东经111.4143度,8.000000节,281.900000度,码差分,10,1054,
17年05月10日,09时41分23秒,北纬40.48212度,东经111.4143度,10.600000节,281.800000度,码差分,10,1053,
17年05月10日,09时41分24秒,北纬40.48212度,东经111.4142度,10.300000节,271.100000度,码差分,09,1053,
17年05月10日,09时41分24秒,北纬40.48212度,东经111.4142度,10.300000节,271.100000度,码差分,10,1053,
17年05月10日,09时41分25秒,北纬40.48212度,东经111.4142度,10.300000节,256.000000度,码差分,10,1053,
17年05月10日,09时41分26秒,北纬40.48211度,东经111.4141度,9.700000节,243.600000度,码差分,10,1053,
17年05月10日,09时41分27秒,北纬40.48210度,东经111.4141度,8.900000节,232.400000度,码差分,10,1052,
17年05月10日,09时41分28秒,北纬40.48208度,东经111.4141度,7.500000节,222.300000度,码差分,10,1052,
17年05月10日,09时41分29秒,北纬40.48207度,东经111.4141度,6.700000节,210.500000度,码差分,10,1052,
17年05月10日,09时41分30秒,北纬40.48205度,东经111.4140度,6.300000节,196.500000度,码差分,10,1053,
17年05月10日,09时41分31秒,北纬40.48203度,东经111.4140度,5.600000节,176.700000度,码差分,10,1053,
17年05月10日,09时41分32秒,北纬40.48201度,东经111.4140度,6.200000节,170.500000度,码差分,10,1052,
17年05月10日,09时41分33秒,北纬40.48199度,东经111.4140度,7.800000节,168.300000度,码差分,10,1052,
17年05月10日,09时41分34秒,北纬40.48197度,东经111.4141度,9.100000节,168.000000度,码差分,10,1052,
17年05月10日,09时41分35秒,北纬40.48195度,东经111.4141度,10.500000节,167.200000度,码差分,10,1051,
17年05月10日,09时41分36秒,北纬40.48192度,东经111.4141度,10.800000节,164.900000度,码差分,10,1051,
17年05月10日,09时41分37秒,北纬40.48189度,东经111.4141度,10.600000节,162.100000度,码差分,10,1051,
17年05月10日,09时41分38秒,北纬40.48186度,东经111.4141度,10.500000节,163.200000度,码差分,10,1051,
17年05月10日,09时41分40秒,北纬40.48180度,东经111.4141度,11.800000节,161.800000度,码差分,10,1051,
17年05月10日,09时41分40秒,北纬40.48180度,东经111.4141度,11.800000节,161.800000度,码差分,10,1050,
17年05月10日,09时41分41秒,北纬40.48177度,东经111.4141度,12.000000节,160.100000度,码差分,10,1050,
17年05月10日,09时41分42秒,北纬40.48173度,东经111.4142度,12.600000节,158.800000度,码差分,10,1049,
17年05月10日,09时41分44秒,北纬40.48166度,东经111.4142度,13.100000节,158.500000度,码差分,10,1049,
17年05月10日,09时41分44秒,北纬40.48166度,东经111.4142度,13.100000节,158.500000度,码差分,10,1049,
17年05月10日,09时41分45秒,北纬40.48163度,东经111.4142度,13.100000节,158.600000度,码差分,10,1048,
17年05月10日,09时41分47秒,北纬40.48156度,东经111.4142度,12.300000节,166.900000度,码差分,10,1048,
17年05月10日,09时41分48秒,北纬40.48152度,东经111.4142度,13.200000节,163.400000度,码差分,10,1047,
17年05月10日,09时41分48秒,北纬40.48152度,东经111.4142度,13.200000节,163.400000度,码差分,10,1047,
17年05月10日,09时41分49秒,北纬40.48149度,东经111.4143度,13.400000节,162.800000度,码差分,10,1046,
17年05月10日,09时41分50秒,北纬40.48145度,东经111.4143度,13.400000节,162.100000度,码差分,10,1046,
17年05月10日,09时41分51秒,北纬40.48142度,东经111.4143度,14.200000节,160.900000度,码差分,10,1046,
17年05月10日,09时41分52秒,北纬40.48138度,东经111.4143度,14.500000节,160.100000度,码差分,10,1046,
17年05月10日,09时41分53秒,北纬40.48134度,东经111.4143度,13.500000节,160.200000度,码差分,10,1045,
17年05月10日,09时41分54秒,北纬40.48130度,东经111.4143度,13.000000节,167.000000度,码差分,10,1045,
17年05月10日,09时41分55秒,北纬40.48126度,东经111.4144度,12.100000节,166.200000度,码差分,10,1045,
17年05月10日,09时41分56秒,北纬40.48123度,东经111.4144度,12.400000节,164.300000度,码差分,10,1045,
17年05月10日,09时41分57秒,北纬40.48120度,东经111.4144度,12.200000节,164.900000度,码差分,10,1044,
17年05月10日,09时41分58秒,北纬40.48117度,东经111.4144度,11.400000节,163.900000度,码差分,10,1044,
17年05月10日,09时41分59秒,北纬40.48114度,东经111.4144度,11.400000节,162.800000度,码差分,10,1044,
17年05月10日,09时42分00秒,北纬40.48111度,东经111.4144度,11.400000节,162.700000度,码差分,10,1043,
17年05月10日,09时42分01秒,北纬40.48108度,东经111.4144度,11.400000节,162.000000度,码差分,10,1043,
17年05月10日,09时42分02秒,北纬40.48105度,东经111.4145度,11.800000节,161.300000度,码差分,10,1043,
17年05月10日,09时42分03秒,北纬40.48102度,东经111.4145度,11.800000节,160.700000度,码差分,09,1042,
17年05月10日,09时42分04秒,北纬40.48098度,东经111.4145度,11.300000节,161.000000度,码差分,10,1042,
17年05月10日,09时42分05秒,北纬40.48096度,东经111.4145度,10.200000节,171.400000度,码差分,10,1042,
17年05月10日,09时42分06秒,北纬40.48093度,东经111.4145度,9.400000节,187.200000度,码差分,10,1042,
17年05月10日,09时42分07秒,北纬40.48091度,东经111.4145度,9.000000节,199.600000度,码差分,10,1041,
17年05月10日,09时42分08秒,北纬40.48088度,东经111.4145度,8.600000节,215.700000度,码差分,10,1041,
17年05月10日,09时42分09秒,北纬40.48087度,东经111.4144度,7.800000节,229.100000度,码差分,10,1041,
17年05月10日,09时42分10秒,北纬40.48086度,东经111.4144度,8.900000节,243.300000度,码差分,10,1041,
17年05月10日,09时42分11秒,北纬40.48085度,东经111.4144度,9.500000节,245.200000度,码差分,10,1042,
17年05月10日,09时42分13秒,北纬40.48083度,东经111.4143度,8.200000节,253.700000度,码差分,10,1042,
17年05月10日,09时42分14秒,北纬40.48082度,东经111.4143度,8.100000节,252.700000度,码差分,10,1042,
17年05月10日,09时42分14秒,北纬40.48082度,东经111.4143度,8.100000节,252.700000度,码差分,10,1041,
17年05月10日,09时42分15秒,北纬40.48081度,东经111.4143度,7.700000节,252.000000度,码差分,10,1041,
17年05月10日,09时42分16秒,北纬40.48081度,东经111.4142度,7.600000节,248.900000度,码差分,10,1041,
17年05月10日,09时42分18秒,北纬40.48079度,东经111.4142度,7.200000节,250.000000度,码差分,10,1041,
17年05月10日,09时42分18秒,北纬40.48079度,东经111.4142度,7.200000节,250.000000度,码差分,10,1041,
17年05月10日,09时42分20秒,北纬40.48078度,东经111.4141度,5.900000节,251.700000度,码差分,10,1041,
17年05月10日,09时42分20秒,北纬40.48078度,东经111.4141度,5.900000节,251.700000度,码差分,10,1042,
17年05月10日,09时42分21秒,北纬40.48077度,东经111.4141度,3.900000节,251.900000度,码差分,10,1042,
17年05月10日,09时42分23秒,北纬40.48076度,东经111.4141度,4.000000节,258.600000度,码差分,10,1042,
17年05月10日,09时42分23秒,北纬40.48076度,东经111.4141度,4.000000节,258.600000度,码差分,10,1042,
17年05月10日,09时42分24秒,北纬40.48076度,东经111.4141度,3.700000节,256.900000度,码差分,10,1042,
17年05月10日,09时42分26秒,北纬40.48075度,东经111.4141度,3.100000节,253.500000度,码差分,10,1042,
17年05月10日,09时42分26秒,北纬40.48075度,东经111.4141度,3.100000节,253.500000度,码差分,10,1043,
17年05月10日,09时42分28秒,北纬40.48075度,东经111.4140度,3.900000节,249.800000度,码差分,10,1043,
17年05月10日,09时42分28秒,北纬40.48075度,东经111.4140度,3.900000节,249.800000度,码差分,10,1044,
17年05月10日,09时42分30秒,北纬40.48074度,东经111.4140度,3.900000节,250.600000度,码差分,10,1044,
17年05月10日,09时42分31秒,北纬40.48074度,东经111.4140度,3.300000节,252.000000度,码差分,10,1044,
17年05月10日,09时42分32秒,北纬40.48075度,东经111.4140度,3.300000节,255.600000度,码差分,10,1045,
17年05月10日,09时42分32秒,北纬40.48075度,东经111.4140度,3.300000节,255.600000度,码差分,10,1045,
17年05月10日,09时42分33秒,北纬40.48076度,东经111.4140度,4.300000节,260.900000度,码差分,10,1046,
17年05月10日,09时42分35秒,北纬40.48078度,东经111.4140度,2.700000节,354.600000度,码差分,10,1046,
17年05月10日,09时42分35秒,北纬40.48078度,东经111.4140度,2.700000节,354.600000度,码差分,10,1047,
17年05月10日,09时42分37秒,北纬40.48079度,东经111.4140度,2.700000节,354.600000度,码差分,10,1047,
17年05月10日,09时42分37秒,北纬40.48079度,东经111.4140度,2.700000节,354.600000度,码差分,10,1047,
17年05月10日,09时42分39秒,北纬40.48080度,东经111.4140度,2.500000节,354.600000度,码差分,10,1048,
17年05月10日,09时42分39秒,北纬40.48080度,东经111.4140度,2.500000节,354.600000度,码差分,10,1048,
17年05月10日,09时42分40秒,北纬40.48080度,东经111.4140度,1.700000节,354.600000度,码差分,10,1048,
17年05月10日,09时42分41秒,北纬40.48080度,东经111.4140度,1.700000节,354.600000度,码差分,10,1049,
17年05月10日,09时42分42秒,北纬40.48080度,东经111.4140度,1.600000节,354.600000度,码差分,10,1049,
17年05月10日,09时42分44秒,北纬40.48080度,东经111.4140度,1.400000节,354.600000度,码差分,10,1049,
17年05月10日,09时42分44秒,北纬40.48080度,东经111.4140度,1.400000节,354.600000度,码差分,10,1049,
17年05月10日,09时42分45秒,北纬40.48081度,东经111.4140度,1.500000节,354.600000度,码差分,10,1049,
17年05月10日,09时42分47秒,北纬40.48081度,东经111.4140度,1.200000节,354.600000度,码差分,10,1049,
17年05月10日,09时42分47秒,北纬40.48081度,东经111.4140度,1.200000节,354.600000度,码差分,10,1049,
17年05月10日,09时42分49秒,北纬40.48081度,东经111.4140度,0.400000节,354.600000度,码差分,10,1050,
17年05月10日,09时42分50秒,北纬40.48081度,东经111.4140度,0.000000节,354.600000度,码差分,10,1050,
17年05月10日,09时42分50秒,北纬40.48081度,东经111.4140度,0.000000节,354.600000度,码差分,10,1050,
17年05月10日,09时42分52秒,北纬40.48081度,东经111.4140度,0.000000节,354.600000度,码差分,10,1050,
17年05月10日,09时42分53秒,北纬40.48081度,东经111.4140度,0.000000节,354.600000度,码差分,10,1050,
17年05月10日,09时42分53秒,北纬40.48081度,东经111.4140度,0.000000节,354.600000度,码差分,10,1050,
17年05月10日,09时42分55秒,北纬40.48081度,东经111.4140度,0.000000节,354.600000度,码差分,10,1050,
17年05月10日,09时42分56秒,北纬40.48081度,东经111.4140度,0.000000节,354.600000度,码差分,10,1050,
17年05月10日,09时42分56秒,北纬40.48081度,东经111.4140度,0.000000节,354.600000度,码差分,10,1050,
17年05月10日,09时42分58秒,北纬40.48081度,东经111.4140度,0.000000节,354.600000度,码差分,10,1050,
17年05月10日,09时42分58秒,北纬40.48081度,东经111.4140度,0.000000节,354.600000度,码差分,10,1050,
17年05月10日,09时43分00秒,北纬40.48081度,东经111.4140度,0.000000节,354.600000度,码差分,09,1050,
17年05月10日,09时43分00秒,北纬40.48081度,东经111.4140度,0.000000节,354.600000度,码差分,09,1050,
17年05月10日,09时43分02秒,北纬40.48081度,东经111.4140度,0.000000节,354.600000度,码差分,09,1050,
17年05月10日,09时43分03秒,北纬40.48081度,东经111.4140度,0.000000节,354.600000度,码差分,09,1050,
17年05月10日,09时43分03秒,北纬40.48081度,东经111.4140度,0.000000节,354.600000度,码差分,09,1050,
17年05月10日,09时43分05秒,北纬40.48081度,东经111.4140度,0.000000节,354.600000度,码差分,09,1050,
17年05月10日,09时43分05秒,北纬40.48081度,东经111.4140度,0.000000节,354.600000度,码差分,09,1050,
17年05月10日,09时43分06秒,北纬40.48081度,东经111.4140度,0.000000节,354.600000度,码差分,09,1050,
17年05月10日,09时43分07秒,北纬40.48081度,东经111.4140度,0.000000节,354.600000度,码差分,09,1050,
17年05月10日,09时43分09秒,北纬40.48081度,东经111.4140度,0.000000节,354.600000度,码差分,09,1050,
17年05月10日,09时43分10秒,北纬40.48081度,东经111.4140度,0.000000节,354.600000度,码差分,09,1050,
17年05月10日,09时43分10秒,北纬40.48081度,东经111.4140度,0.000000节,354.600000度,码差分,09,1050,
